<?xml version="1.0" encoding="UTF-8"?>
<templates id="template" xml:space="preserve">
    <t t-name="GlobalDiscountButton">
        <div class='control-button'>
            <i class='fa fa-percent' /><t t-esc='widget.get_current_disc_type_name()'/> <t t-esc='widget.get_current_global_disc_name()'/> 
        </div>
    </t>

    <t t-name="JavaraGlobalDiscountWidget">
        <div class="modal-dialog">
            <div class="popup popup-textinput text-center">
                <p class="title"><t t-esc=" widget.options.title || '' " /></p> 
                <p>
                    <select name="disc_type" id="disc_type">
                        <option value=""></option>
                        <option value="percent">Percent</option>
                        <option value="fix">Fix</option>
                    </select>
                </p>
                <p>
                    <input id="global_disc" type='number' t-att-value="widget.options.value || ''"></input>
                </p>
                <div class="footer">
                    <div class="button confirm">
                        Ok 
                    </div>
                    <div class="button cancel">
                        Cancel 
                    </div>
                </div>
            </div>
        </div>
    </t>


    <t t-extend="OrderWidget">
        <t t-jquery=".order-container" t-operation="replace">
            <div class="order-container">
                <div class="order-scroller touch-scrollable">
                    <div class="order">
                        <t t-if="orderlines.length === 0" >
                            <div class='order-empty'>
                                <i class='fa fa-shopping-cart' />
                                <h1>Your shopping cart is empty</h1>
                            </div>
                        </t>
                        <t t-if="orderlines.length > 0">
                            <ul class="orderlines"></ul>
                            <div class="summary clearfix">
                                <div class="line">
                                    <div class='entry total'>
                                        <span class="label">Total: </span> <span class="value">0.00 €</span>
                                        <div class='subentry'>Taxes: <span class="value">0.00€</span></div>
                                        <div class='disc_bank'>Disc Bank:<span class="value">0.00</span></div>
                                        <div class='global_disc'>Disc Global:<span class="value">0.00</span></div>
                                    </div>
                                </div>
                            </div>
                        </t>
                    </div>
                </div>
            </div>
        </t>
    </t>

    <!-- Receipt -->

    
    <t t-extend="PosTicket">
        <t t-jquery=".pos-sale-ticket" t-operation="replace">
            <div class="pos-sale-ticket">
                
                <div class="pos-center-align"><t t-esc="order.formatted_validation_date"/> <t t-esc="order.name"/></div>
                <br />
                <t t-esc="widget.pos.company.name"/><br />
                <div class="receipt-phone">
                    Phone: <t t-esc="widget.pos.company.phone || ''"/><br />
                </div>
                <div class="receipt-user">
                    User: <t t-esc="widget.pos.get_cashier().name"/><br />
                </div>
                <br />
                <t t-if="receipt.header">
                    <div style='text-align:center'>
                        <t t-esc="receipt.header" />
                    </div>
                    <br />
                </t>
                <table class='receipt-orderlines'>
                    <colgroup>
                        <col width='50%' />
                        <col width='25%' />
                        <col width='25%' />
                    </colgroup>
                    <tr t-foreach="orderlines" t-as="orderline">
                        <td>
                            <t t-esc="orderline.get_product().display_name"/>
                            <t t-if="orderline.get_discount() > 0">
                                <div class="pos-disc-font">
                                    With a <t t-esc="orderline.get_discount()"/>% discount
                                </div>
                            </t>
                            <t t-if="orderline.get_global_disc_line() > 0">
                                <div class="pos-disc-font">
                                    With discount global
                                </div>
                            </t>
                            <t t-if="orderline.get_bank_disc_line() > 0">
                                <div class="pos-disc-font">
                                    With discount bank
                                </div>
                            </t>
                        </td>
                        <td class="pos-right-align">
                            <t t-esc="orderline.get_quantity_str_with_unit()"/>
                            <t t-if="order.get_global_disc_amount() > 0 ">
                                <div class="pos-disc-font">
                                    - <t t-esc="widget.format_currency(orderline.get_global_disc_line())"/>
                                </div>
                            </t>
                            <t t-if="order.get_disc_bank_amount() > 0 ">
                                <div class="pos-disc-font">
                                    - <t t-esc="widget.format_currency(orderline.get_bank_disc_line())"/>
                                </div>
                            </t>
                        </td>
                        <td class="pos-right-align">
                            <t t-esc="widget.format_currency(orderline.get_display_price_without_disc_bank_global())"/>
                            <t t-if="order.get_global_disc_amount() > 0 ">
                                <t t-esc="widget.format_currency(orderline.get_display_price())"/>
                            </t>
                            <t t-if="order.get_disc_bank_amount() > 0 ">
                                <t t-esc="widget.format_currency(orderline.get_display_price())"/>
                            </t>
                        </td>
                    </tr>
                </table>
                <br />
                <table class='receipt-total'>
                    <tr>
                        <td>Subtotal Without Tax:</td>
                        <td class="pos-right-align">
                            <t t-esc="widget.format_currency(order.get_total_without_tax())"/>
                        </td>
                    </tr>
                    <t t-foreach="order.get_tax_details()" t-as="taxdetail">
                        <tr>
                            <td><t t-esc="taxdetail.name" /></td>
                            <td class="pos-right-align">
                                <t t-esc="widget.format_currency(taxdetail.amount)" />
                            </td>
                        </tr>
                    </t>
                    <tr>
                        <t t-if="order.get_global_disc_amount() > 0 ">
                            <td>Subtotal:</td>
                            <td class="pos-right-align">
                                <t t-esc="widget.format_currency(order.get_total_with_tax_and_global_bank())"/>
                            </td>
                        </t>
                        <t t-if="order.get_disc_bank_amount() > 0 ">
                            <td>Subtotal:</td>
                            <td class="pos-right-align">
                                <t t-esc="widget.format_currency(order.get_total_with_tax_and_global_bank())"/>
                            </td>
                        </t>
                    </tr>
                    <tr>
                        <t t-if="order.get_total_discount() > 0">
                            <td>Discount:</td>
                            <td class="pos-right-align">
                                <t t-esc="widget.format_currency(order.get_total_discount())"/>
                            </td>
                        </t>
                    </tr>
                    <tr>
                        <t t-if="order.get_global_disc_amount() > 0">
                            <td>Discount Global:</td>
                            <td class="pos-right-align">
                                - <t t-esc="widget.format_currency(order.get_global_disc_amount())"/>
                            </td>
                        </t>
                        <t t-if="order.get_disc_bank_amount() > 0">
                            <td>Discount Bank:</td>
                            <td class="pos-right-align">
                                - <t t-esc="widget.format_currency(order.get_disc_bank_amount())"/>
                            </td>
                        </t>
                    </tr>
                    <tr class="emph">
                        <td>Total:</td>
                        <td class="pos-right-align">
                            <t t-esc="widget.format_currency(order.get_total_with_tax())"/>
                        </td>
                    </tr>
                </table>
                <br />
                <table class='receipt-paymentlines'>
                    <t t-foreach="paymentlines" t-as="line">
                    <tr>
                        <td>
                            <t t-esc="line.name"/>
                        </td>
                        <td class="pos-right-align">
                            <t t-esc="widget.format_currency(line.get_amount())"/>
                        </td>
                    </tr>
                    </t>
                </table>
                <br />
                <table class='receipt-change'>
                    <tr><td>Change:</td><td class="pos-right-align">
                        <t t-esc="widget.format_currency(order.get_change())"/>
                        </td></tr>
                </table>
                <t t-if="receipt.footer">
                    <br />
                    <div style='text-align:center'>
                        <t t-esc="receipt.footer" />
                    </div>
                </t>
            </div>
        </t>
    </t>

</templates>