<?xml version="1.0" encoding="UTF-8"?>
<templates id="template" xml:space="preserve">

<!-- Icon Member -->
    <t t-extend='ClientListScreenWidget'>
        <t t-jquery='.client-list thead tr' t-operation='append'>
            <th></th>
        </t>
    </t>

    <t t-extend='ClientLine'>
        <t t-jquery='.client-line' t-operation='append'>
            <td>
                <t t-if='!partner.active_member_id'>
                    <i class='fa fa-camera'></i>
                </t>
                <t t-if='partner.active_member_id'>
                    <img t-att-src='widget.pos.member_icon_by_id[partner.active_member_id[0]]'/>
                </t>
            </td>
        </t>
    </t>


<!-- Member -->
    <t t-extend='ClientDetails'>
        <t t-jquery='.client-details-right' t-operation='prepend'>
            <div class='client-detail'>
                <span class='label'>Member</span>
                <span class='detail client-points'>
                    <t t-esc='partner.active_member_id ? partner.active_member_id[1] : " " ' />
                </span>
            </div>
        </t>
    </t>

    <t t-extend='ClientListScreenWidget'>
        <t t-jquery='.client-list thead tr' t-operation='append'>
            <th>Member</th>
        </t>
    </t>

    <t t-extend='ClientLine'>
        <t t-jquery='.client-line' t-operation='append'>
            <td>
                <t t-esc='partner.active_member_id ? partner.active_member_id[1] : " " ' />
            </td>
        </t>
    </t>


</templates>

