<?xml version="1.0" encoding="UTF-8"?>
<templates id="template" xml:space="preserve">

    <t t-name="ListOrderButtonWidget">
        <t t-if="widget.pos.config.iface_load_done_order">
            <div class="header-button order-list-button">
                <i class='fa fa-fw fa-shopping-cart'/>
            </div>
        </t>
    </t>

    <t t-name="OrderListScreenWidget">
        <div class="clientlist-screen screen">
            <div class="screen-content">
                <section class="top-content">
                    <span class='button back'>
                        <i class='fa fa-angle-double-left'></i>
                        Back
                    </span>
                    <span class='searchbox'>
                        <input placeholder='Search Order' />
                        <span class='search-clear'></span>
                    </span>
                    <span class='searchbox'></span>
                </section>
                <section class="full-content">
                    <div class="window">
                        <section class="subwindow">
                            <div class="subwindow-container">
                                <div class="subwindow-container-fix touch-scrollable scrollable-y">
                                    <table class="client-list">
                                        <thead>
                                            <th name="th_ol_ref">Ref.</th>
                                            <th name="th_ol_customer">Customer</th>
                                            <th name="th_ol_date">Date</th>
                                            <th name="th_ol_amount_total">Amount Total</th>
                                            <th name="th_ol_reprint"/>
                                        </thead>
                                        <tbody class="order-list-contents">
                                        </tbody>
                                    </table>
                                </div>
                            </div>
                        </section>
                    </div>
                </section>
            </div>
        </div>
    </t>

    <t t-name="OrderLine">
        <tr class='order-line' t-att-data-id='order.id' t-att-data-Uid='order.uid'>
            <td name="td_ol_name"><t t-esc='order.pos_reference or order.name' /></td>
            <td name="td_ol_customer"><t t-esc='order.partner_id[1]' /></td>
            <td name="td_ol_date"><t t-esc='order.date_order' /></td>
            <td name="td_ol_amount_total"><t t-esc='widget.format_currency(order.amount_total)' /></td>
            <td name="td_ol_reprint" t-att-data-order-id="order.id" t-att-data-Uid='order.uid'>
                <span class="button order-list-reprint" t-att-data-order-id="order.id" t-att-data-Uid='order.uid'>
                    <i class='fa fa-fw fa-print'/>
                </span>
                <span t-if="order.amount_total >= 0" class="button order-list-return" t-att-data-order-id="order.id" t-att-data-Uid='order.uid'>
                    <i class='fa fa-fw fa-undo'/>
                </span>
            </td>
        </tr>
    </t>

    <t t-extend="OrderWidget">
        <t t-jquery=".order-scroller.touch-scrollable" t-operation="before">
            <div class="order-returned-warning" t-if="order.return">
                <span>Returned order: </span><t name="order-return-uid" t-esc="order.origin_name"></t>
            </div>
        </t>
    </t>

    <t t-extend="PosTicket">
        <t t-jquery="t[t-esc='order.name']" t-operation="after">
            <t t-if="order.origin_name">
                <br/>
                    <span name="order-origin-name">Rectifies: </span><t t-esc="order.origin_name"/>
            </t>
        </t>
    </t>

</templates>
