<?xml version="1.0" encoding="utf-8"?>
<odoo>
  <data noupdate="1">
    <record id="izi_module_name.paperformat_model_name" model="report.paperformat">
      <field name="name">A4 Model Name Paper Format</field>
      <field name="format">A4</field>
      <field name="orientation">Portrait</field>
      <field name="margin_top">40</field>
      <field name="margin_bottom">20</field>
      <field name="margin_left">7</field>
      <field name="margin_right">7</field>
      <field name="header_line" eval="False"/>
      <field name="header_spacing">35</field>
      <field name="dpi">90</field>
    </record>
  </data>
</odoo>