<?xml version="1.0" encoding="utf-8"?>
<odoo>
  <data noupdate="0">
    <record id="izi_marketplace.module_category_marketplace" model="ir.module.category">
      <field name="name">Marketplace</field>
      <field name="sequence" eval="1"/>
    </record>

    <record id="izi_marketplace.group_mp_user" model="res.groups">
      <field name="name">User</field>
      <field name="category_id" ref="izi_marketplace.module_category_marketplace"/>
      <field name="implied_ids" eval="[(4, ref('base.group_user'))]"/>
    </record>

    <record id="izi_marketplace.group_mp_manager" model="res.groups">
      <field name="name">Manager</field>
      <field name="category_id" ref="izi_marketplace.module_category_marketplace"/>
      <field name="implied_ids" eval="[(4, ref('izi_marketplace.group_mp_user'))]"/>
      <field name="users" eval="[(4, ref('base.user_root'))]"/>
    </record>
  </data>
</odoo>