<?xml version="1.0" encoding="utf-8"?>
<!-- Copyright 2018 Tecnativa - David Vidal
     License LGPL-3.0 or later (https://www.gnu.org/licenses/lgpl). -->

<templates>

    <t t-extend="PackLotLinePopupWidget">
        <t t-jquery=".title" t-operation="append">
            <div class="packlot-select">
                <t t-if="widget.options.pack_lot_lines and widget.options.pack_lot_lines.lot_name">
                    <select class="packlot-line-select">
                        <option disabled="" selected="" value="">Select a Serial/Lot Number</option>
                        <t t-foreach="widget.options.pack_lot_lines.lot_name" t-as="lot_name">
                            <option t-att-value="lot_name">
                                <t t-esc="lot_name"/>
                            </option>
                        </t>
                    </select>
                </t>
            </div>
        </t>
    </t>

</templates>
