<?xml version="1.0" encoding="utf-8"?>
<odoo>
    <data>
     <record id="izi_marketplace_javara.exports_mp_partner" model="ir.exports">
            <field name="name">Export Partner</field>
            <field name="resource">res.partner</field>
        </record>

        <record id="izi_marketplace_javara.exports_line_mp_partner_name" model="ir.exports.line">
            <field name="name">name</field>
            <field name="export_id" ref="izi_marketplace_javara.exports_mp_partner"/>
        </record>
        <record id="izi_marketplace_javara.exports_line_mp_partner_phone" model="ir.exports.line">
            <field name="name">phone</field>
            <field name="export_id" ref="izi_marketplace_javara.exports_mp_partner"/>
        </record>
        <record id="izi_marketplace_javara.exports_line_mp_partner_email" model="ir.exports.line">
            <field name="name">email</field>
            <field name="export_id" ref="izi_marketplace_javara.exports_mp_partner"/>
        </record>
    </data>
</odoo>